Date,Mood,Dominant Emotion,Text Entry,Anger,Disgust,Fear,Joy,Sadness,Surprise,Neutral,Negative Sentiment,Positive Sentiment
2024-04-01 00:00:00,Happy ğŸ˜€ (Positive Outlook),joy,"The day started like any other. Woke up, had my usual coffee, and went about my routine. Work was neither too stressful nor too excitingâ€”just another regular day. In the evening, I played with my",0.0213609766215086,0.007840429432690144,0.04526158422231674,0.4391184151172638,0.24273398518562317,0.1849263608455658,0.058758337050676346,0.0014896208886057138,0.9985104203224182
2024-04-01 00:00:00,Happy ğŸ˜€ (Positive Outlook),joy,"regular day. In the evening, I played with my friends at 5 PM, which was a nice break from the usual routine. Later, after dinner and some TV, I hit the gym at 10 PM for a workout. Finished the day",0.004427026491612196,0.007010677829384804,0.002111453330144286,0.6542870998382568,0.2712952196598053,0.035365719348192215,0.02550293132662773,0.0015720685478299856,0.9984279870986938
2024-04-01 00:00:00,Happy ğŸ˜€ (Positive Outlook),joy,the gym at 10 PM for a workout. Finished the day by scrolling through social media before heading to bed.,0.007696452550590038,0.00391007773578167,0.00962456502020359,0.06122864782810211,0.47628891468048096,0.0670856237411499,0.374165803194046,0.0016107300762087107,0.9983892440795898
2024-04-02 00:00:00,Happy ğŸ˜€ (Positive Outlook),joy,"Met an old friend unexpectedly at a cafe. We hadnâ€™t talked in years, but it felt like no time had passed. We laughed about old times, shared updates about life, and left with a warmth that carried me",0.00274746329523623,0.0017656811978667974,0.0069945817813277245,0.7909356355667114,0.015105209313333035,0.010649348609149456,0.17180202901363373,0.001064800308085978,0.9989351630210876
2024-04-02 00:00:00,Happy ğŸ˜€ (Positive Outlook),joy,"life, and left with a warmth that carried me through the rest of the day. It reminded me how little moments like these can be so uplifting. Earlier in the evening, I played with my friends at 5 PM,",0.0009738817461766303,0.0014585438184440136,0.0009269786532968283,0.9524057507514954,0.02477417327463627,0.014424397610127926,0.0050362274050712585,0.0011105292942374945,0.9988895058631897
2024-04-02 00:00:00,Happy ğŸ˜€ (Positive Outlook),joy,"in the evening, I played with my friends at 5 PM, which was a fun break. Later, I went to the gym at 10 PM for a workout before wrapping up the day.",0.0012536067515611649,0.0008266458171419799,0.0003516328288242221,0.977340817451477,0.011004536412656307,0.002841662848368287,0.006381144747138023,0.001293140696361661,0.9987068176269531
2024-04-03 00:00:00,Happy ğŸ˜€ (Positive Outlook),joy,Received a random package at my doorstepâ€”it was a book I had pre-ordered months ago and completely forgotten about. That small but pleasant surprise brought a smile to my face. I spent the evening,0.0014468831941485405,0.0009922616882249713,0.0005977891851216555,0.9644766449928284,0.006388783920556307,0.0015192640712484717,0.02457834780216217,0.0012018237030133605,0.998798131942749
2024-04-03 00:00:00,Happy ğŸ˜€ (Positive Outlook),joy,"brought a smile to my face. I spent the evening flipping through its pages, already hooked by the first few chapters. Earlier, I played with my friends at 5 PM, which was a fun break, and later, I",0.0011196036357432604,0.0010245621670037508,0.00022796967823524028,0.9859755635261536,0.0060099451802670956,0.0015491606900468469,0.0040932451374828815,0.00111163011752069,0.9988884329795837
2024-04-03 00:00:00,Happy ğŸ˜€ (Positive Outlook),joy,"at 5 PM, which was a fun break, and later, I went to the gym at 10 PM for a workout before wrapping up the day.",0.0010243807919323444,0.0005229506059549749,0.00031295017106458545,0.9769878387451172,0.006604124326258898,0.0025429304223507643,0.012004858814179897,0.0012614147271960974,0.9987385869026184
2024-04-04 00:00:00,Happy ğŸ˜€ (Negative Outlook),surprise,"Saw an old picture today, and it brought back memories of someone I donâ€™t talk to anymore. It made me wonder how things could have been different. I carried that heaviness with me all day, replaying",0.0022816648706793785,0.03808089345693588,0.05585495010018349,0.005244758911430836,0.029311882331967354,0.7309276461601257,0.13829824328422546,0.9887110590934753,0.01128894742578268
2024-04-04 00:00:00,Happy ğŸ˜€ (Negative Outlook),surprise,"carried that heaviness with me all day, replaying past conversations in my mind and feeling that bittersweet nostalgia settle in my chest. Earlier, I played with my friends at 5 PM, which was a fun",0.00045317536569200456,0.000862580316606909,0.000997032388113439,0.006792821921408176,0.006163307931274176,0.9796531200408936,0.005077913403511047,0.9782317280769348,0.021768275648355484
2024-04-04 00:00:00,Happy ğŸ˜€ (Negative Outlook),surprise,"I played with my friends at 5 PM, which was a fun break, and later, I went to the gym at 10 PM for a workout before wrapping up the day.",0.0014149738708510995,0.0011804146924987435,0.00028628515428863466,0.978162944316864,0.010917343199253082,0.0024141494650393724,0.005623789969831705,0.0012632278958335519,0.9987367987632751
2024-04-05 00:00:00,Happy ğŸ˜€ (Positive Outlook),joy,"Had an amazing workout todayâ€”one of those days where everything just clicks. I felt strong, energized, and proud of myself for pushing through. There's something so satisfying about feeling progress,",0.0010757001582533121,0.0012418128317222,0.000450714462203905,0.9889083504676819,0.0037025082856416702,0.001771835028193891,0.0028490338008850813,0.0010744909523054957,0.998925507068634
2024-04-05 00:00:00,Happy ğŸ˜€ (Positive Outlook),joy,"something so satisfying about feeling progress, both physically and mentally. Earlier, I played with my friends at 5 PM, which was a fun break. Ended the night with a good meal, feeling accomplished",0.0010693649528548121,0.0008263565832749009,0.00020745558140333742,0.9918105006217957,0.0019596603233367205,0.001643333351239562,0.0024834296200424433,0.001137248589657247,0.9988627433776855
2024-04-05 00:00:00,Happy ğŸ˜€ (Positive Outlook),joy,"the night with a good meal, feeling accomplished and happy.",0.0010885826777666807,0.0006350972107611597,0.00020358366600703448,0.992219865322113,0.001791943097487092,0.0020068809390068054,0.0020540105178952217,0.0010730609064921737,0.9989269375801086
2024-04-06 00:00:00,Anxious ğŸ˜¨ (Negative Outlook),fear,"Woke up from a nightmare, the kind that lingers even after you realize it wasnâ€™t real. My heart was still pounding, and it took a while to shake the uneasy feeling. Even the shadows in my room felt",0.0006461318116635084,0.001383453723974526,0.9901390075683594,0.0006583319627679884,0.0022823235485702753,0.002890433883294463,0.0020002606324851513,0.9958950281143188,0.004104967229068279
2024-04-06 00:00:00,Anxious ğŸ˜¨ (Negative Outlook),fear,"uneasy feeling. Even the shadows in my room felt eerie. I distracted myself with a podcast until I calmed down enough to fall asleep again. Earlier, I played with my friends at 5 PM, which was a fun",0.0014895809581503272,0.006803844124078751,0.8728772401809692,0.0022240341641008854,0.011926988139748573,0.007680963724851608,0.09699729084968567,0.998187243938446,0.001812785747461021
2024-04-06 00:00:00,Anxious ğŸ˜¨ (Negative Outlook),fear,"I played with my friends at 5 PM, which was a fun break, and later, I went to the gym at 10 PM for a workout before wrapping up the day.",0.0014149738708510995,0.0011804146924987435,0.00028628515428863466,0.978162944316864,0.010917343199253082,0.0024141494650393724,0.005623789969831705,0.0012632278958335519,0.9987367987632751
2024-04-07 00:00:00,Happy ğŸ˜€ (Negative Outlook),joy,"Saw someone littering at the park. It irked me more than it should have. Just the casual disregard for the environment left a bad taste in my mouth. I picked up the trash myself, but it made me",0.017504138872027397,0.9686599969863892,0.002272546524181962,0.000874001591000706,0.004559723660349846,0.005098463501781225,0.0010311238002032042,0.9985609650611877,0.0014390017604455352
2024-04-07 00:00:00,Happy ğŸ˜€ (Negative Outlook),joy,"I picked up the trash myself, but it made me wonderâ€”how hard is it to just do the right thing? Itâ€™s frustrating seeing such carelessness. Earlier, I played with my friends at 5 PM, which was a fun",0.04668958857655525,0.031853411346673965,0.007000861689448357,0.565703809261322,0.08914951235055923,0.12053952366113663,0.13906334340572357,0.999382495880127,0.000617524900007993
2024-04-07 00:00:00,Happy ğŸ˜€ (Negative Outlook),joy,"I played with my friends at 5 PM, which was a fun break, and later, I went to the gym at 10 PM for a workout before wrapping up the day.",0.0014149738708510995,0.0011804146924987435,0.00028628515428863466,0.978162944316864,0.010917343199253082,0.0024141494650393724,0.005623789969831705,0.0012632278958335519,0.9987367987632751
2024-04-08 00:00:00,Happy ğŸ˜€ (Negative Outlook),joy,"Nothing eventful today. Just a regular cycle of work, eat, and sleep. Itâ€™s weird how some days just blur into the next without anything particularly exciting or upsetting happening. Maybe tomorrow",0.01643543504178524,0.10736098140478134,0.1860511600971222,0.0043778931722044945,0.4964449405670166,0.07902631163597107,0.11030326038599014,0.9974719882011414,0.0025279494002461433
2024-04-08 00:00:00,Happy ğŸ˜€ (Negative Outlook),joy,"exciting or upsetting happening. Maybe tomorrow will bring something different, but for now, today just existed in the background of my life. Earlier, I played with my friends at 5 PM, which was a",0.019417449831962585,0.004117617383599281,0.06673145294189453,0.4626101553440094,0.06491242349147797,0.09968332946300507,0.2825275659561157,0.9994588494300842,0.0005411150050349534
2024-04-08 00:00:00,Happy ğŸ˜€ (Negative Outlook),joy,"I played with my friends at 5 PM, which was a fun break, and later, I went to the gym at 10 PM for a workout before wrapping up the day.",0.0014149738708510995,0.0011804146924987435,0.00028628515428863466,0.978162944316864,0.010917343199253082,0.0024141494650393724,0.005623789969831705,0.0012632278958335519,0.9987367987632751
2024-04-09 00:00:00,Neutral ğŸ˜ (Positive Outlook),neutral,"Someone cut me off in traffic and had the audacity to honk at me. That irrational burst of anger stayed with me longer than Iâ€™d like to admit. I replayed the moment in my head, thinking of all the",0.947011411190033,0.0066189393401145935,0.02423313446342945,0.0010007127420976758,0.008283448405563831,0.001983633730560541,0.010868655517697334,0.9968351721763611,0.0031648054718971252
2024-04-09 00:00:00,Neutral ğŸ˜ (Positive Outlook),neutral,"the moment in my head, thinking of all the witty comebacks I could have said. Itâ€™s funny how small things can feel so big in the moment. Later, I went to the gym at 10 PM for a workout before",0.007521399296820164,0.003162630135193467,0.004172645974904299,0.05762055143713951,0.01971992291510105,0.004929317627102137,0.9028736352920532,0.02329740859568119,0.9767026305198669
2024-04-09 00:00:00,Neutral ğŸ˜ (Positive Outlook),neutral,I went to the gym at 10 PM for a workout before wrapping up the day.,0.03205861896276474,0.016409676522016525,0.09026825428009033,0.15559279918670654,0.41408008337020874,0.045946940779685974,0.2456437200307846,0.0016251704655587673,0.9983748197555542
2024-04-10 00:00:00,Happy ğŸ˜€ (Positive Outlook),joy,"Tried a new dish today, and it was fantastic! Thereâ€™s something about good food that instantly lifts the mood. I savored every bite, already thinking about when I could have it again. Cooking or",0.0022660621907562017,0.00592693081125617,0.0008820605580694973,0.9234514236450195,0.05072426423430443,0.0028001514729112387,0.013949013315141201,0.001072678598575294,0.9989272952079773
2024-04-10 00:00:00,Happy ğŸ˜€ (Positive Outlook),joy,"about when I could have it again. Cooking or ordering food isnâ€™t just about eating; itâ€™s about the experience of discovering something new. Later, I went to the gym at 10 PM for a workout before",0.014925266616046429,0.010450265370309353,0.03683442249894142,0.10991381853818893,0.5033918619155884,0.010498030111193657,0.31398630142211914,0.0011176884872838855,0.9988823533058167
2024-04-10 00:00:00,Happy ğŸ˜€ (Positive Outlook),joy,I went to the gym at 10 PM for a workout before wrapping up the day.,0.03205861896276474,0.016409676522016525,0.09026825428009033,0.15559279918670654,0.41408008337020874,0.045946940779685974,0.2456437200307846,0.0016251704655587673,0.9983748197555542
2024-04-11 00:00:00,Happy ğŸ˜€ (Positive Outlook),joy,"Got a message from a distant cousin out of nowhere. We havenâ€™t spoken in years, and it was nice catching up. Life has taken us in such different directions, yet we still found common ground. Itâ€™s",0.004866676405072212,0.004890478681772947,0.002591909607872367,0.3979926109313965,0.37326738238334656,0.0233689583837986,0.19302190840244293,0.0010966688860207796,0.9989032745361328
2024-04-11 00:00:00,Happy ğŸ˜€ (Positive Outlook),joy,"yet we still found common ground. Itâ€™s strange how time passes, but some connections never really fade completely. Earlier, I played with my friends at 5 PM, which was a fun break, and later, I went",0.002350638387724757,0.0029861184302717447,0.007563757710158825,0.022628813982009888,0.06099599227309227,0.00308897509239614,0.9003857970237732,0.0014080662513151765,0.998591959476471
2024-04-11 00:00:00,Happy ğŸ˜€ (Positive Outlook),joy,"at 5 PM, which was a fun break, and later, I went to the gym at 10 PM for a workout before wrapping up the day.",0.0010243807919323444,0.0005229506059549749,0.00031295017106458545,0.9769878387451172,0.006604124326258898,0.0025429304223507643,0.012004858814179897,0.0012614147271960974,0.9987385869026184
2024-04-12 00:00:00,Happy ğŸ˜€ (Positive Outlook),joy,"Felt a little lonely today. Not sure why. Maybe itâ€™s just one of those days where everything feels a little heavier. I tried distracting myself with work and entertainment, but the feeling lingered in",0.001926351455040276,0.007977197878062725,0.006687610875815153,0.0010408946545794606,0.014531590044498444,0.962899386882782,0.004937007091939449,0.9950350522994995,0.004964972380548716
2024-04-12 00:00:00,Happy ğŸ˜€ (Positive Outlook),joy,"and entertainment, but the feeling lingered in the background. Some days are just like that, and I guess thatâ€™s okay. Earlier, I played with my friends at 5 PM, which was a fun break, and later, I",0.0029785679653286934,0.009923135861754417,0.0014283244963735342,0.9143705368041992,0.04219980537891388,0.02346901223063469,0.005630651954561472,0.004955922719091177,0.9950441122055054
2024-04-12 00:00:00,Happy ğŸ˜€ (Positive Outlook),joy,"at 5 PM, which was a fun break, and later, I went to the gym at 10 PM for a workout before wrapping up the day.",0.0010243807919323444,0.0005229506059549749,0.00031295017106458545,0.9769878387451172,0.006604124326258898,0.0025429304223507643,0.012004858814179897,0.0012614147271960974,0.9987385869026184
2024-04-13 00:00:00,Happy ğŸ˜€ (Positive Outlook),joy,"Got through work, finished some errands, and wrapped up the day with a movie. Nothing particularly special, but not bad either. These kinds of days may not be memorable, but they make up most of life.",0.0047318837605416775,0.0414397269487381,0.0032597046811133623,0.2719438970088959,0.5439980626106262,0.11042353510856628,0.024203114211559296,0.001116948202252388,0.998883068561554
2024-04-13 00:00:00,Happy ğŸ˜€ (Positive Outlook),joy,"not be memorable, but they make up most of life. And in a way, thatâ€™s comfortingâ€”just moving forward, one day at a time. Earlier, I played with my friends at 5 PM, which was a fun break, and later, I",0.0016689926851540804,0.0029452238231897354,0.0009743437985889614,0.9442557096481323,0.035861894488334656,0.006626289803534746,0.007667550351470709,0.0018559633754193783,0.9981440305709839
2024-04-13 00:00:00,Happy ğŸ˜€ (Positive Outlook),joy,"at 5 PM, which was a fun break, and later, I went to the gym at 10 PM for a workout before wrapping up the day.",0.0010243807919323444,0.0005229506059549749,0.00031295017106458545,0.9769878387451172,0.006604124326258898,0.0025429304223507643,0.012004858814179897,0.0012614147271960974,0.9987385869026184
2024-04-14 00:00:00,Happy ğŸ˜€ (Positive Outlook),joy,"A random dog ran up to me while I was out for a walk. Tail wagging, full of energy. That brief interaction brightened my whole day. Animals have this pure joy about them thatâ€™s so infectious. It made",0.0015917307464405894,0.0031970839481800795,0.00034150033025071025,0.9805887341499329,0.008865278214216232,0.001696177409030497,0.003719568718224764,0.0011284067295491695,0.9988716244697571
2024-04-14 00:00:00,Happy ğŸ˜€ (Positive Outlook),joy,"pure joy about them thatâ€™s so infectious. It made me wish I had a dog of my own. Earlier, I played with my friends at 5 PM, which was a fun break, and later, I went to the gym at 10 PM for a workout",0.001154090161435306,0.0007058650953695178,0.00030134792905300856,0.9831129908561707,0.0044273133389651775,0.002260711044073105,0.008037681691348553,0.0012598058674484491,0.9987402558326721
2024-04-14 00:00:00,Happy ğŸ˜€ (Positive Outlook),joy,"later, I went to the gym at 10 PM for a workout before wrapping up the day.",0.01996118202805519,0.016892481595277786,0.03495672345161438,0.04931549355387688,0.5105752944946289,0.04299350082874298,0.3253052830696106,0.0014374726451933384,0.9985625147819519
2024-04-15 00:00:00,Happy ğŸ˜€ (Negative Outlook),joy,"Had to walk through a poorly lit street at night. Heart raced a little faster than usual, even though nothing happened. Funny how the mind creates scenarios. The sound of footsteps behind me didnâ€™t",0.008999046869575977,0.012038162909448147,0.0325479656457901,0.0048011671751737595,0.040226470679044724,0.00757222855463624,0.8938149809837341,0.9902557730674744,0.009744273498654366
2024-04-15 00:00:00,Happy ğŸ˜€ (Negative Outlook),joy,"The sound of footsteps behind me didnâ€™t help, even though it was probably just another person walking home like me. Earlier, I played with my friends at 5 PM, which was a fun break, and later, I went",0.001969568897038698,0.003882570890709758,0.0029926898423582315,0.9021013379096985,0.050937868654727936,0.00713211577385664,0.030983861535787582,0.9994710087776184,0.0005290128756314516
2024-04-15 00:00:00,Happy ğŸ˜€ (Negative Outlook),joy,"at 5 PM, which was a fun break, and later, I went to the gym at 10 PM for a workout before wrapping up the day.",0.0010243807919323444,0.0005229506059549749,0.00031295017106458545,0.9769878387451172,0.006604124326258898,0.0025429304223507643,0.012004858814179897,0.0012614147271960974,0.9987385869026184
2024-04-16 00:00:00,Happy ğŸ˜€ (Negative Outlook),joy,"Had some street food that didnâ€™t sit well with me. Regretted my choices almost instantly. My stomach was upset all night, and I kept scolding myself for not being more careful. Lesson learnedâ€”maybe I",0.3328740894794464,0.06361134350299835,0.09391577541828156,0.005742584355175495,0.11162364482879639,0.29649436473846436,0.09573826938867569,0.9990398287773132,0.0009601579513400793
2024-04-16 00:00:00,Happy ğŸ˜€ (Negative Outlook),joy,"not being more careful. Lesson learnedâ€”maybe I should stick to safer options next time. Earlier, I played with my friends at 5 PM, which was a fun break, and later, I went to the gym at 10 PM for a",0.006049534771591425,0.002582161221653223,0.0020348639227449894,0.9003759026527405,0.06485621631145477,0.009607604704797268,0.014493780210614204,0.9946656227111816,0.005334367975592613
2024-04-16 00:00:00,Happy ğŸ˜€ (Negative Outlook),joy,"and later, I went to the gym at 10 PM for a workout before wrapping up the day.",0.011911015957593918,0.004867064766585827,0.005526671651750803,0.06478301435709,0.6123958826065063,0.025468546897172928,0.27504783868789673,0.0014646119670942426,0.9985353946685791
2024-04-17 00:00:00,Sad ğŸ˜¢ (Positive Outlook),sadness,"Meetings, emails, and the usual work chaos. Nothing too dramatic, just the usual grind. Some days are just meant to be productive rather than exciting, and thatâ€™s okay. Checked a lot off my to-do",0.011172987520694733,0.0050823320634663105,0.0023600903805345297,0.05535835027694702,0.7842574715614319,0.052564606070518494,0.08920413255691528,0.005513623356819153,0.994486391544342
2024-04-17 00:00:00,Sad ğŸ˜¢ (Positive Outlook),sadness,"and thatâ€™s okay. Checked a lot off my to-do list, so at least thereâ€™s some satisfaction in that. Later, I went to the gym at 10 PM for a workout before wrapping up the day.",0.010284463874995708,0.00984035525470972,0.00103861337993294,0.5398457646369934,0.4132629930973053,0.012449176050722599,0.013278617523610592,0.004305336158722639,0.995694637298584
2024-04-18 00:00:00,Happy ğŸ˜€ (Negative Outlook),joy,"Got into a small argument with a coworker. It wasnâ€™t a big deal, but I hate when misunderstandings escalate unnecessarily. Spent the rest of the day replaying the conversation in my head, wishing I",0.42932844161987305,0.16001756489276886,0.011202288791537285,0.008372158743441105,0.05068095773458481,0.33061209321022034,0.009786521084606647,0.99594646692276,0.004053587093949318
2024-04-18 00:00:00,Happy ğŸ˜€ (Negative Outlook),joy,"replaying the conversation in my head, wishing I had handled it better. I guess Iâ€™ll have to clear things up tomorrow. Earlier, I played with my friends at 5 PM, which was a fun break, and later, I",0.0030492504592984915,0.002938361605629325,0.002025858499109745,0.6606751084327698,0.10394425690174103,0.18621788918972015,0.04114919900894165,0.9553762078285217,0.04462382569909096
2024-04-18 00:00:00,Happy ğŸ˜€ (Negative Outlook),joy,"at 5 PM, which was a fun break, and later, I went to the gym at 10 PM for a workout before wrapping up the day.",0.0010243807919323444,0.0005229506059549749,0.00031295017106458545,0.9769878387451172,0.006604124326258898,0.0025429304223507643,0.012004858814179897,0.0012614147271960974,0.9987385869026184
2024-04-19 00:00:00,Happy ğŸ˜€ (Positive Outlook),joy,"Listened to an old song that brought back such good memories. Amazing how music can instantly transport you back to another time. I closed my eyes and let it take me back to simpler days, a nice",0.002747200196608901,0.0013861495535820723,0.0018900622380897403,0.4404464364051819,0.05985565111041069,0.006843560375273228,0.4868309795856476,0.0011259687598794699,0.9988740086555481
2024-04-19 00:00:00,Happy ğŸ˜€ (Positive Outlook),joy,"and let it take me back to simpler days, a nice escape from the present for a little while. Earlier, I played with my friends at 5 PM, which was a fun break, and later, I went to the gym at 10 PM for",0.0014958054525777698,0.0005903189885430038,0.0002993904345203191,0.9723456501960754,0.012569725513458252,0.005044984165579081,0.007654088083654642,0.0011374683817848563,0.9988625049591064
2024-04-19 00:00:00,Happy ğŸ˜€ (Positive Outlook),joy,"break, and later, I went to the gym at 10 PM for a workout before wrapping up the day.",0.012499610893428326,0.00677925068885088,0.01044225413352251,0.05040794983506203,0.3002612590789795,0.054326873272657394,0.5652827620506287,0.0015129066305235028,0.998487114906311
2024-04-20 00:00:00,Happy ğŸ˜€ (Positive Outlook),joy,"Found some extra cash in my jacket pocket. Completely unexpected but definitely welcomed! Itâ€™s not a lot, but itâ€™s funny how something so small can make a difference in my mood. A lucky little",0.006143051199615002,0.0023820865899324417,0.0019891890697181225,0.24346096813678741,0.021718019619584084,0.005305906292051077,0.7190007567405701,0.001354568055830896,0.9986454844474792
2024-04-20 00:00:00,Happy ğŸ˜€ (Positive Outlook),joy,"can make a difference in my mood. A lucky little discovery. Earlier, I played with my friends at 5 PM, which was a fun break, and later, I went to the gym at 10 PM for a workout before wrapping up",0.001310979132540524,0.0007202464039437473,0.0003548530803527683,0.9546153545379639,0.016352253034710884,0.004638247191905975,0.022008124738931656,0.0012951215030625463,0.9987049102783203
2024-04-20 00:00:00,Happy ğŸ˜€ (Positive Outlook),joy,the gym at 10 PM for a workout before wrapping up the day.,0.011769955977797508,0.006517859175801277,0.027577437460422516,0.0575312115252018,0.5166688561439514,0.025049325078725815,0.35488539934158325,0.0013588666915893555,0.9986410737037659
2024-04-21 00:00:00,Happy ğŸ˜€ (Positive Outlook),joy,"Missed someone deeply today. Certain places and memories just bring it all back. I tried to stay busy, but the feeling stayed with me. Some people leave, but the memories never do. Maybe thatâ€™s both",0.0018995727878063917,0.0039274124428629875,0.000681468693073839,0.0018322188407182693,0.015017432160675526,0.9723351001739502,0.004306858405470848,0.0024611870758235455,0.9975388050079346
2024-04-21 00:00:00,Happy ğŸ˜€ (Positive Outlook),joy,"but the memories never do. Maybe thatâ€™s both the blessing and the curse of having loved and lost. Earlier, I played with my friends at 5 PM, which was a fun break, and later, I went to the gym at 10",0.003635857719928026,0.005483079701662064,0.0018558158772066236,0.4974246919155121,0.046645741909742355,0.4215320646762848,0.023422691971063614,0.0033178143203258514,0.9966822266578674
2024-04-21 00:00:00,Happy ğŸ˜€ (Positive Outlook),joy,"a fun break, and later, I went to the gym at 10 PM for a workout before wrapping up the day.",0.0009440815192647278,0.0004716481198556721,0.00028647802537307143,0.9815093278884888,0.004366621375083923,0.0027395794168114662,0.009682318195700645,0.0011839134385809302,0.9988161325454712
2024-04-22 00:00:00,Happy ğŸ˜€ (Positive Outlook),joy,"Work was steady, and the day passed by without much excitement. I did a little reading in the evening, which helped me unwind. Not every day has to be an adventureâ€”sometimes just having a calm,",0.00494239991530776,0.011227190494537354,0.014688423834741116,0.26278960704803467,0.5433271527290344,0.1520279049873352,0.010997381992638111,0.0015787722077220678,0.9984211921691895
2024-04-22 00:00:00,Happy ğŸ˜€ (Positive Outlook),joy,"to be an adventureâ€”sometimes just having a calm, uneventful day is a good thing too. Earlier, I played with my friends at 5 PM, which was a fun break, and later, I went to the gym at 10 PM for a",0.002540094777941704,0.000981576624326408,0.000984721351414919,0.9683223962783813,0.015851441770792007,0.004877221304923296,0.006442572921514511,0.0019307772163301706,0.9980692267417908
2024-04-22 00:00:00,Happy ğŸ˜€ (Positive Outlook),joy,"and later, I went to the gym at 10 PM for a workout before wrapping up the day.",0.011911015957593918,0.004867064766585827,0.005526671651750803,0.06478301435709,0.6123958826065063,0.025468546897172928,0.27504783868789673,0.0014646119670942426,0.9985353946685791
2024-04-23 00:00:00,Happy ğŸ˜€ (Positive Outlook),joy,"Caught up with an old hobby todayâ€”painting. Itâ€™s been years since I picked up a brush, and at first, I felt rusty. But as the colors blended on the canvas, I lost track of time. Thereâ€™s something",0.019951187074184418,0.12069232761859894,0.2271406054496765,0.0031757608521729708,0.12025249004364014,0.36295077204704285,0.14583683013916016,0.0011172976810485125,0.9988827109336853
2024-04-23 00:00:00,Happy ğŸ˜€ (Positive Outlook),joy,"canvas, I lost track of time. Thereâ€™s something freeing about creating without worrying about perfection. I think Iâ€™ll try to do this more often. Earlier, I played with my friends at 5 PM, which was",0.00682018231600523,0.002972399117425084,0.0033065215684473515,0.25826531648635864,0.686502993106842,0.01296905241906643,0.029163507744669914,0.00117421243339777,0.99882572889328
2024-04-23 00:00:00,Happy ğŸ˜€ (Positive Outlook),joy,"I played with my friends at 5 PM, which was a fun break, and later, I went to the gym at 10 PM for a workout before wrapping up the day.",0.0014149738708510995,0.0011804146924987435,0.00028628515428863466,0.978162944316864,0.010917343199253082,0.0024141494650393724,0.005623789969831705,0.0012632278958335519,0.9987367987632751
2024-04-24 00:00:00,Anxious ğŸ˜¨ (Positive Outlook),fear,"Had a close call with a reckless driver today. One second, everything was normal, and the next, a car swerved dangerously close to mine. My heart pounded long after the moment passed. Itâ€™s scary how",0.004945299122482538,0.002156022237613797,0.9576826095581055,0.0012482443125918508,0.00419323006644845,0.004137147217988968,0.025637520477175713,0.9946871995925903,0.005312779452651739
2024-04-24 00:00:00,Anxious ğŸ˜¨ (Positive Outlook),fear,"long after the moment passed. Itâ€™s scary how things can change in an instant. A reminder to always stay alert and appreciate the calm moments. Earlier, I played with my friends at 5 PM, which was a",0.002102950820699334,0.0014242867473512888,0.9744068384170532,0.0023453503381460905,0.00635232450440526,0.0013949900167062879,0.011973212473094463,0.002466068835929036,0.997533917427063
2024-04-24 00:00:00,Anxious ğŸ˜¨ (Positive Outlook),fear,"I played with my friends at 5 PM, which was a fun break, and later, I went to the gym at 10 PM for a workout before wrapping up the day.",0.0014149738708510995,0.0011804146924987435,0.00028628515428863466,0.978162944316864,0.010917343199253082,0.0024141494650393724,0.005623789969831705,0.0012632278958335519,0.9987367987632751
2024-04-25 00:00:00,Happy ğŸ˜€ (Positive Outlook),joy,"Unexpectedly got a day off! Instead of wasting it, I decided to make it count. Spent the morning at a cozy cafÃ©, just sipping coffee and watching people go about their day. Then, I took a spontaneous",0.015922144055366516,0.0028267132584005594,0.001452009310014546,0.7753298282623291,0.12087380886077881,0.004684591665863991,0.0789109617471695,0.0011019270168617368,0.9988980293273926
2024-04-25 00:00:00,Happy ğŸ˜€ (Positive Outlook),joy,"go about their day. Then, I took a spontaneous walk in the park. No plans, no deadlinesâ€”just a day to breathe. It felt refreshing. Earlier, I played with my friends at 5 PM, which was a fun break,",0.001116694649681449,0.001025769510306418,0.00043661752715706825,0.9889494180679321,0.004619352053850889,0.0018950081430375576,0.0019572151359170675,0.0011093122884631157,0.9988906979560852
2024-04-25 00:00:00,Happy ğŸ˜€ (Positive Outlook),joy,"with my friends at 5 PM, which was a fun break, and later, I went to the gym at 10 PM for a workout before wrapping up the day.",0.001151053817011416,0.0006853234372101724,0.00033709630952216685,0.976328432559967,0.00826131459325552,0.0026823566295206547,0.010554461739957333,0.001194703858345747,0.9988052845001221
2024-04-26 00:00:00,Happy ğŸ˜€ (Positive Outlook),joy,"Landed in Japan today! The moment I stepped out of the airport, I felt a rush of excitement. Tokyo is alive with energyâ€”neon lights, bustling streets, and an endless flow of people. Checked into my",0.009047889150679111,0.0012807961320504546,0.016261635348200798,0.8846019506454468,0.011818223632872105,0.0010393180418759584,0.07595019787549973,0.00115479645319283,0.9988452196121216
2024-04-26 00:00:00,Happy ğŸ˜€ (Positive Outlook),joy,and an endless flow of people. Checked into my hotel and took a quick walk through Shinjuku. The sheer scale of the city is overwhelming but exhilarating. Canâ€™t wait to explore more!,0.0007222844287753105,0.00045187724754214287,0.0008616521372459829,0.9914279580116272,0.001617569592781365,0.0007939928909763694,0.0041246963664889336,0.00111163011752069,0.9988884329795837
2024-04-27 00:00:00,Neutral ğŸ˜ (Positive Outlook),neutral,"Took the Shinkansen to Kyoto, and it felt like stepping into another world. The contrast between modern Tokyo and Kyotoâ€™s historic charm is incredible. Visited the Fushimi Inari Shrine with its famous",0.0037921678740531206,0.005851257126778364,0.05527164787054062,0.11548812687397003,0.14686673879623413,0.005376291926950216,0.6673538088798523,0.0011884720297530293,0.9988116025924683
2024-04-27 00:00:00,Neutral ğŸ˜ (Positive Outlook),neutral,"Visited the Fushimi Inari Shrine with its famous torii gates. The peacefulness of the temples, the sound of rustling leavesâ€”it all felt surreal. Ended the day with matcha and traditional sweets.",0.003075007349252701,0.016209522262215614,0.4347982406616211,0.03585236892104149,0.039463307708501816,0.017579302191734314,0.45302221179008484,0.0011767413234338164,0.9988232254981995
2024-04-28 00:00:00,Neutral ğŸ˜ (Positive Outlook),neutral,"Back in Tokyo and finally saw the famous Shibuya Crossing. The sheer number of people moving in perfect rhythm was mesmerizing. Visited Akihabara, the paradise for anime and tech lovers, and spent way",0.0020186451729387045,0.001962820068001747,0.0045354631729424,0.739030122756958,0.08788985013961792,0.0037154050078243017,0.1608477383852005,0.0011731443228200078,0.998826801776886
2024-04-28 00:00:00,Neutral ğŸ˜ (Positive Outlook),neutral,"paradise for anime and tech lovers, and spent way too much time in arcades. Had the best ramen of my life at a tiny shop hidden in an alley. Japan keeps surprising me!",0.003058087546378374,0.0005988237680867314,0.003184195840731263,0.042034734040498734,0.011125266551971436,0.0029819414485245943,0.9370169639587402,0.0011871826136484742,0.9988127946853638
2024-04-29 00:00:00,Happy ğŸ˜€ (Positive Outlook),joy,"My last day here, and Iâ€™m already wishing I had more time. Walked through Asakusa, took in the view from Tokyo Tower, and made one last stop for sushi. Japan has been an unforgettable experienceâ€”from",0.001778227393515408,0.002624400658532977,0.020037414506077766,0.6306970715522766,0.08096372336149216,0.1646384447813034,0.09926069527864456,0.0011422542156651616,0.9988577365875244
2024-04-29 00:00:00,Happy ğŸ˜€ (Positive Outlook),joy,Japan has been an unforgettable experienceâ€”from the kindness of strangers to the smallest details in everyday life. Leaving with a heart full of memories.,0.0019455018918961287,0.006756732705980539,0.010304545983672142,0.7427436113357544,0.1812266707420349,0.007172814104706049,0.04985014721751213,0.0010748932836577296,0.9989250302314758
2024-04-30 00:00:00,Neutral ğŸ˜ (Positive Outlook),neutral,"Itâ€™s funny looking back at these last 30 days. So many small moments, so many emotions. Life really is a mix of everything, isnâ€™t it? Some days were great, some werenâ€™t, but they all mattered in their",0.010206564329564571,0.013464554212987423,0.005724301561713219,0.06525406986474991,0.12596802413463593,0.006331841927021742,0.7730506062507629,0.0014234796399250627,0.9985765218734741
2024-04-30 00:00:00,Neutral ğŸ˜ (Positive Outlook),neutral,"some werenâ€™t, but they all mattered in their own way. I wonder what the next month will bring.",0.006458599586039782,0.005832443945109844,0.0022400973830372095,0.003259079996496439,0.024826331064105034,0.00542406877502799,0.9519592523574829,0.0014390642754733562,0.9985609650611877
